,Var1,Freq
1583,特斯拉,196
347,公司,75
376,化,65
970,私,58
271,中,46
222,不,39
2646,網路,39
1039,來,38
284,中國,37
101,人,35
1161,於,32
1242,表示,32
1132,或,31
1419,美元,30
2459,資金,30
134,上,28
1229,股東,27
1520,息,25
2428,董事,25
958,汽車,24
1422,美國,24
293,之,22
963,沒,22
1414,科技,22
533,布,21
805,自己,21
935,更,21
313,互,20
605,目前,20
1010,並,20
1138,所,20
1233,股價,20
1745,基金,20
2430,董事長,20
2712,億美元,20
427,文章,19
530,市場,19
1143,抪,19
212,工,18
333,仍,18
369,分享,18
878,妍,18
1068,到,18
1972,創楚,18
2039,斯拉,18
2122,硬塞,18
2301,搧,18
2441,解,18
2960,隨時,18
3066,趨勢,18
3167,關玟,18
6,<U+3E36>,17
740,成,17
1432,要,17
487,去,16
592,生產,16
1304,宣布,16
1416,約,16
1621,能,16
766,收購,15
927,投資,15
1741,執行長,15
1803,推文,15
1856,畢,15
2024,提到,15
401,尹,14
425,文化,14
443,且,14
734,戌,14
1770,從,14
2335,楣,14
157,下,13
287,丰,13
496,只,13
688,同時,13
723,如果,13
1040,來自,13
1324,很,13
1731,問題,13
2665,賑,13
2708,億,13
522,巨,12
677,合妥,12
1548,時,12
2331,楚,12
2392,經,12
2522,預計,12
2531,像,12
2621,種,12
2898,機器人,12
173,大,11
220,已,11
305,之前,11
458,代表,11
561,未來,11
596,用,11
820,行,11
904,希望,11
1098,委員,11
1194,炕,11
1326,很多,11
1662,陛,11
2052,最,11
2243,項,11
2267,僅,11
2705,價格,11
2730,影響,11
2766,樣,11
2945,賳,11
3018,獲得,11
3071,雖然,11
3277,體,11
145,上海,10
190,大麻,10
263,不過,10
277,中心,10
326,今,10
570,本篇,10
704,多,10
757,收,10
895,完成,10
1117,延伸,10
1333,持股,10
1499,員工,10
1920,軟銀,10
1977,創辦人,10
2110,發表,10
2130,筆,10
2868,嬝,10
3002,應該,10
3217,闡,10
325,仇,9
338,內,9
340,內容,9
447,主席,9
714,好,9
814,至,9
1001,那,9
1321,建廠,9
1336,指,9
1552,時候,9
1878,硃,9
2047,曾,9
2053,最大,9
2131,等,9
2200,超過,9
2348,歲,9
2690,需要,9
2722,增長,9
2880,擔任,9
22,ㄓ,8
219,工廠,8
308,予,8
364,兮,8
502,可,8
516,它,8
571,正,8
617,交易,8
956,決策,8
995,迄,8
1043,來看,8
1231,股票,8
1234,股權,8
1276,則,8
1387,甚至,8
1572,消息,8
1805,推特,8
1806,推特上,8
2275,想,8
2486,過,8
2496,達成,8
2919,磪,8
1,<U+3E30>,7
10,<U+3E61>,7
318,什麼,7
323,仃,7
342,內部,7
452,主權,7
564,本人,7
660,再,7
697,向,7
778,此,7
779,此央,7
842,何,7
928,投資人,7
929,投資者,7
951,每股,7
989,車型,7
1125,性,7
1163,明,7
1252,金融時報,7
1297,囿,7
1318,建立,7
1388,界,7
1623,能夠,7
1638,荂,7
1654,討論,7
1655,訓練,7
1687,偃,7
1911,規模,7
2090,然,7
2103,發布,7
2323,楊,7
2338,極,7
2421,萬輛,7
2451,話,7
2452,該,7
2466,賈伯斯,7
2514,電池,7
2517,電動車,7
2587,漱,7
2802,膝,7
2838,輛,7
2858,駕駛,7
2918,磥,7
3136,簹,7
11,<U+3E63>,6
103,人士,6
140,上市公司,6
154,上漲,6
229,不少,6
314,井,6
370,分析,6
423,支持,6
448,主管,6
558,斥,6
573,正式,6
611,立方體,6
631,份,6
667,吃,6
690,同意,6
777,次,6
797,考,6
810,自動,6
997,迄筆,6
1013,並且,6
1016,並沒,6
1022,事,6
1027,事情,6
1042,來到,6
1081,取得,6
1103,定,6
1210,直接,6
1214,知道,6
1247,近,6
1254,長,6
1281,前,6
1332,持,6
1338,指出,6
1343,按照,6
1529,悛,6
1721,參,6
1940,部分,6
1947,野,6
1956,陳,6
2019,提升,6
2023,提供,6
2057,最好,6
2153,給,6
2203,週二,6
2225,隆,6
2319,椰,6
2380,當,6
2420,萬美元,6
2499,達到,6
2560,嵽,6
2675,遝,6
2700,領導者,6
2820,調查,6
2847,銷售,6
2870,學習,6
2882,據,6
2897,機構,6
2916,磢,6
2935,融資,6
3020,環境,6
3036,聲明,6
4,<U+3E34>,5
26,ㄗ,5
27,ㄙ,5
65,ヾ,5
99,二季度,5
139,上市,5
169,口頭,5
191,大幅,5
192,大量,5
324,仄,5
327,今天,5
371,分析師,5
422,支出,5
470,出來,5
492,另,5
513,奶,5
584,氻,5
601,由於,5
604,目,5
616,交付,5
627,任何,5
687,同比,5
699,地,5
721,如此,5
739,戎,5
752,扛,5
853,即,5
857,吸,5
894,完全,5
920,技術,5
924,投入,5
945,每,5
952,每週,5
968,沙烏地阿,5
969,沙國,5
980,言論,5
1077,卸任,5
1085,受到,5
1142,承諾,5
1149,拉伯,5
1170,服務,5
1227,股份,5
1256,長期,5
1345,政府,5
1347,政策,5
1396,相信,5
1622,能力,5
1631,茪,5
1668,馬,5
1672,高,5
1766,得,5
1835,猜測,5
1848,產能,5
1922,透露,5
1943,部落,5
1953,釵,5
2006,媒體,5
2112,發展,5
2146,結果,5
2163,華爾街,5
2169,著,5
2186,評估,5
2196,貿易,5
2211,進尹,5
2227,隉,5
2332,楛,5
2367,煎餅,5
2470,跟,5
2489,過去,5
2516,電動汽車,5
2704,價值,5
2732,慼,5
2781,瑼,5
2791,確保,5
2817,複雜,5
2864,儘管,5
2974,鴞,5
2987,儲能,5
3010,營收,5
3028,聯合,5
3084,擴大,5
3093,職位,5
3117,離職,5
3155,證券交易,5
3176,關鍵,5
3221,鶡,5
3,<U+3E33>,4
19,<U+663C>,4
35,ㄦ,4
86,,4
87,,4
90,,4
119,人類,4
148,上週,4
162,下市,4
184,大約,4
211,川普,4
236,不再,4
309,云,4
316,亢,4
334,仍然,4
373,刈,4
400,尤,4
430,方法,4
439,比較,4
495,另央,4
507,台,4
545,必須,4
559,未,4
565,本文,4
579,正確,4
595,生產線,4
606,目標,4
625,任,4
629,任務,4
655,全球,4
670,各大,4
743,成本,4
744,成立,4
784,此事,4
833,亨網,4
836,似乎,4
850,利益,4
871,坌,4
922,把,4
979,言,4
981,走,4
1033,使,4
1056,兩天,4
1070,到位,4
1099,季度,4
1153,拒絕,4
1202,狀況,4
1223,空頭,4
1225,者,4
1328,怎麼,4
1391,盈利,4
1404,看,4
1410,研究,4
1433,要求,4
1445,迨,4
1456,重大,4
1469,風格,4
1507,家,4
1553,時間,4
1624,能源,4
1635,茼,4
1663,陞,4
1676,高效,4
1693,做,4
1694,做出,4
1706,偽,4
1733,國,4
1740,執行,4
1796,接受,4
1826,條件,4
1868,痕,4
1936,連,4
1944,酗,4
1958,陶,4
2007,尋找,4
2008,尋求,4
2020,提出,4
2025,提案,4
2062,最近,4
2063,最高,4
2104,發生,4
2128,竣,4
2136,等等,4
2158,菑,4
2160,華,4
2164,菸,4
2201,越來越,4
2202,週,4
2305,新,4
2325,楔,4
2337,楫,4
2342,楹,4
2355,準備,4
2375,瑋,4
2400,經歷,4
2457,資本,4
2510,鉅,4
2519,電腦,4
2523,預期,4
2527,馱,4
2542,實,4
2552,實際上,4
2573,滌,4
2584,漪,4
2585,漯,4
2615,監管,4
2630,稱,4
2636,管理者,4
2657,製造,4
2668,賑馬,4
2686,銗,4
2695,領域,4
2729,影片,4
2755,數量,4
2790,確,4
2812,蝳,4
2818,誰,4
2823,調整,4
2836,質疑,4
2849,銷量,4
2908,獨立,4
2921,穈,4
2992,壓力,4
3022,磳,4
3048,螫,4
3077,點,4
3179,難度,4
3203,蘋果,4
3252,驉,4
3272,顯然,4
3282,齯,4
3283,齱,4
3295,矕,4
23,ㄔ,3
34,ㄥ,3
36,ㄨ,3
38,,3
43,,3
66,々,3
68,う,3
71,が,3
96,二手車,3
125,又,3
135,上下,3
183,大型,3
187,大眾,3
210,小時,3
226,不井,3
237,不同,3
270,丑,3
285,中國政府,3
297,之丑,3
306,之間,3
345,公,3
372,切,3
388,天,3
395,太空,3
424,文中,3
429,方式,3
431,方面,3
436,比如,3
442,火箭,3
446,主要,3
461,令人,3
466,出任,3
480,刊登,3
497,只要,3
523,巨大,3
541,弘,3
544,必要,3
549,打,3
563,本,3
599,由,3
628,任何人,3
640,伅,3
642,伊隆,3
647,伝,3
674,各種,3
745,成交量,3
748,成長,3
767,早,3
771,旬嚏,3
782,此次,3
799,考憎,3
804,自,3
823,行事,3
849,利好,3
859,吸食,3
861,吽,3
865,圻,3
866,坁,3
882,妖,3
886,妞偽,3
939,更高,3
973,芊,3
1011,並不,3
1058,兩名,3
1087,受訪,3
1113,底,3
1122,怐,3
1131,怴,3
1140,所謂,3
1157,放空,3
1189,波動,3
1209,直到,3
1211,直播,3
1213,知情,3
1219,社群,3
1243,表明,3
1245,表達,3
1267,便,3
1275,信任,3
1287,卻,3
1300,奕,3
1329,思考,3
1395,相似之處,3
1397,相當,3
1430,若,3
1438,計畫,3
1440,計算,3
1451,郈,3
1453,郱,3
1462,重新,3
1467,面,3
1476,首先,3
1484,值得,3
1493,原文,3
1497,原收,3
1515,席,3
1534,挭,3
1538,挺,3
1541,捋,3
1547,效率,3
1560,根本,3
1561,根據,3
1562,格,3
1597,真正,3
1612,純,3
1626,茖,3
1639,荅,3
1640,荈,3
1650,蚖,3
1661,陘,3
1666,隻,3
1678,高盛,3
1705,偺,3
1715,動漫,3
1736,國家,3
1747,基礎,3
1754,專家,3
1755,專案,3
1763,強化,3
1801,控制,3
1822,望,3
1825,梅鐸,3
1857,畢竟,3
1875,眾,3
1908,規定,3
1916,訪華,3
1921,透過,3
1923,逐漸,3
1941,部門,3
1949,釣,3
1951,釩,3
1952,釭,3
1976,創辦,3
1993,堣,3
1996,報告,3
2000,堳,3
2010,幾,3
2067,期待,3
2086,無論,3
2113,發送,3
2147,結構,3
2176,虛擬,3
2181,視,3
2231,階段,3
2240,雲,3
2263,傶,3
2277,想法,3
2278,想要,3
2280,意,3
2290,意圖,3
2298,損失,3
2310,新能源,3
2311,新聞,3
2324,楓,3
2358,溢價,3
2374,瑊,3
2387,當然,3
2402,經營,3
2403,經驗,3
2410,艉,3
2442,解決,3
2447,解釋,3
2460,資金來源,3
2463,資產,3
2479,遊,3
2491,過竣,3
2526,飽,3
2528,髡,3
2538,團隊,3
2541,寣,3
2578,滷,3
2579,滿,3
2602,熔,3
2603,爾,3
2611,疑,3
2633,算,3
2635,管理,3
2647,網路上,3
2654,蒫,3
2658,製造商,3
2689,需,3
2697,領導,3
2698,領導人,3
2702,麼,3
2734,憎,3
2764,模型,3
2774,潛,3
2788,盤,3
2792,確實,3
2798,練,3
2827,請,3
2832,賣,3
2851,霅,3
2911,獨資,3
2912,瞗,3
2927,篕,3
2933,興趣,3
2950,選擇,3
2959,隨,3
2971,鴗,3
2972,鴘,3
2996,幫助,3
2998,懂,3
3001,應用,3
3019,環比,3
3042,薑,3
3044,薨,3
3047,虧損,3
3052,蟈,3
3083,幭,3
3106,雙方,3
3146,翽,3
3159,辭去,3
3168,關係,3
3206,覺得,3
3211,譬滌,3
3213,議,3
3220,鶞,3
3234,顧問,3
3242,權利,3
3245,聽,3
3255,鬫,3
3271,顯示,3
2,<U+3E32>,2
5,<U+3E35>,2
9,<U+3E39>,2
20,︰,2
21,ㄐ,2
30,ㄞ,2
31,ㄟ,2
32,ㄠ,2
33,ㄢ,2
50,,2
54,,2
88,,2
104,人工智慧,2
118,人選,2
126,三,2
128,三分,2
132,三季度,2
143,上述,2
152,上路,2
158,下午,2
159,下半,2
163,下降,2
167,口,2
171,士刀,2
186,大家,2
197,大廠,2
198,大熱,2
213,工均,2
217,工孛,2
223,不小,2
225,不予,2
234,不用,2
235,不光,2
238,不同凡響,2
239,不如,2
244,不幸,2
248,不能,2
254,不僅,2
279,中央社,2
282,中美,2
296,之下,2
298,之中,2
322,仁諤,2
329,今戌底,2
348,公司法,2
351,公平,2
366,分,2
367,分心,2
384,反,2
390,天空,2
392,太,2
394,太多,2
397,少,2
409,引,2
410,引入,2
411,引述,2
412,引進,2
413,心,2
419,手掌,2
426,文件,2
433,止,2
434,比,2
437,比例,2
441,火焰噴射器,2
454,仔細,2
459,代表團,2
462,充分,2
465,出口,2
469,出走,2
472,出面,2
478,刉,2
509,史,2
519,左右,2
527,市,2
529,市值,2
538,平均,2
546,戊,2
554,打算,2
555,打擊,2
562,末,2
572,正如,2
576,正面,2
581,氐,2
608,石油,2
612,立即,2
615,阞,2
623,件,2
626,任正非,2
641,伈,2
645,伓,2
649,兆,2
672,各位,2
673,各界,2
681,合理,2
685,同,2
691,同樣,2
692,名,2
693,名字,2
702,地位,2
715,好友,2
717,好處,2
720,如今,2
727,存,2
729,安全,2
733,式,2
747,成果,2
758,收入,2
760,收馬,2
763,收偽,2
776,朽,2
785,此前,2
788,死,2
791,汙,2
794,池部,2
800,考憧,2
801,考摹,2
816,至少,2
825,行動,2
826,行窗,2
830,行楫,2
835,估計,2
839,低於,2
840,佔,2
846,利,2
848,利用,2
855,即使,2
856,吤,2
858,吸引,2
868,均,2
872,坏,2
889,妨,2
898,宏,2
914,批准,2
915,批評,2
916,找,2
919,技巧,2
932,改善,2
933,改變,2
937,更好,2
949,每收<U+663C>,2
959,汽車零件,2
965,沒法,2
966,沒發,2
967,沙,2
972,系統,2
982,走向,2
983,足,2
1005,那麼,2
1014,並未,2
1024,事件,2
1032,併購,2
1034,使用,2
1035,使命,2
1044,來源,2
1048,例子,2
1049,例如,2
1052,依然,2
1063,兩款,2
1073,制定,2
1075,協議,2
1082,取締,2
1083,受,2
1128,怬,2
1130,怳,2
1134,或者,2
1141,承擔,2
1156,放,2
1158,放寬,2
1164,明中,2
1165,明顯,2
1180,法,2
1181,法官,2
1182,法律,2
1191,炒妒,2
1200,物理,2
1206,疝,2
1228,股份公司,2
1236,肯定,2
1237,芠,2
1239,花費,2
1241,表,2
1244,表畦,2
1253,金額,2
1261,非,2
1263,非悸,2
1273,保證,2
1277,則推文,2
1285,前瞻性,2
1291,咱,2
1303,客戶,2
1308,峇,2
1309,峈,2
1313,峞,2
1314,巹,2
1316,度,2
1325,很大,2
1335,持續,2
1337,指令,2
1340,指控,2
1355,昱,2
1367,洩,2
1368,洩露,2
1369,洵,2
1370,洶,2
1372,活,2
1393,相比,2
1401,相關,2
1406,看到,2
1413,研發,2
1418,美,2
1421,美金,2
1424,美國空軍,2
1439,計劃,2
1446,迫,2
1448,迫離傭,2
1455,重力,2
1459,重挫,2
1464,降低,2
1465,限,2
1474,食,2
1495,原式,2
1504,埃隆,2
1511,展,2
1521,悀,2
1526,悒,2
1531,拿,2
1532,拿到,2
1539,挼,2
1543,捐給,2
1551,時代,2
1556,朗普,2
1558,核稿,2
1565,案,2
1566,案件,2
1573,消息人士,2
1579,牷,2
1580,特別,2
1586,狺,2
1593,留住,2
1595,真,2
1600,祕,2
1603,神祕,2
1606,笑話,2
1611,紐約,2
1613,級,2
1625,茈,2
1628,茠,2
1632,茬,2
1643,虒,2
1645,蚅,2
1646,蚇,2
1647,蚋,2
1653,蚥,2
1660,針,2
1664,除,2
1667,飢,2
1675,高度,2
1677,高級,2
1685,鬲,2
1688,假,2
1691,偌,2
1695,做好,2
1698,做法,2
1701,停牌,2
1709,動均,2
1717,務,2
1719,區別,2
1726,商,2
1728,商貿,2
1757,帶,2
1758,帶來,2
1762,張勇,2
1765,強調,2
1776,情,2
1777,情況,2
1782,惜,2
1802,推,2
1810,掩,2
1841,理解,2
1843,瓷,2
1849,產量,2
1862,畦,2
1879,硒,2
1883,第,2
1889,第三季度,2
1897,組織,2
1898,莫頓,2
1907,袪,2
1910,規劃,2
1914,訪問,2
1919,責任,2
1930,造,2
1933,造成,2
1938,連續,2
1950,釧,2
1954,閉,2
1955,陪,2
1957,陵,2
1969,創立,2
1982,喜歡,2
1988,圍,2
1991,堙,2
1998,報道,2
2002,堹,2
2011,幾天,2
2012,幾乎,2
2017,掌握,2
2027,插,2
2030,換,2
2037,散戶,2
2040,斯特拉,2
2041,普,2
2049,曾經,2
2051,替代,2
2065,最終,2
2066,期,2
2069,期望,2
2074,椄,2
2080,無法,2
2092,琚,2
2100,發,2
2101,發文,2
2105,發改委,2
2107,發言人,2
2123,硬體,2
2138,答,2
2141,策,2
2142,策略,2
2166,菾,2
2168,萓,2
2177,虛擬環境,2
2198,超乎,2
2199,超級,2
2208,進入,2
2212,進步,2
2219,郵件,2
2222,量產,2
2224,隅,2
2229,隋,2
2233,雃,2
2235,集中,2
2236,集團,2
2242,靰,2
2244,項目,2
2260,傳統,2
2261,傳喚,2
2262,傳媒,2
2272,嗎,2
2291,意纂,2
2294,感到,2
2300,搢,2
2302,搨,2
2312,新聞網,2
2313,新聞稿,2
2314,新增,2
2320,椰身,2
2329,楔膝,2
2333,楝,2
2336,楨,2
2344,概,2
2345,概念,2
2349,殿,2
2357,溢,2
2365,溺續,2
2381,當下,2
2386,當時,2
2398,經理人,2
2408,腹,2
2411,萬,2
2414,萬元,2
2418,萬股,2
2419,萬度,2
2423,落井下石,2
2429,董事局,2
2438,裡,2
2450,試圖,2
2456,資,2
2461,資料,2
2473,跳過,2
2480,遊戲,2
2481,運用,2
2503,違法,2
2506,鄐,2
2513,電子郵件,2
2524,預測,2
2536,嘗試,2
2553,實質,2
2569,旗下,2
2572,槓桿,2
2574,滫,2
2593,漸,2
2597,煻,2
2604,犒,2
2610,瑰,2
2637,管道,2
2649,緊急,2
2653,膉,2
2663,貌,2
2672,趙,2
2684,銀湖,2
2685,銇,2
2699,領導力,2
2716,嘲諷,2
2724,審視,2
2728,廣播,2
2733,慾,2
2737,憧,2
2738,憭,2
2761,模,2
2763,模式,2
2765,模擬,2
2775,潛力,2
2796,篇,2
2807,蔣,2
2810,蝜,2
2811,蝯,2
2834,賣空,2
2841,輟學,2
2842,輪換,2
2843,適合,2
2860,魅力,2
2861,鴃,2
2877,操均,2
2886,整件,2
2890,整體,2
2893,機械,2
2894,機械手,2
2903,激勵,2
2915,磠,2
2920,禤,2
2923,積極,2
2924,窶,2
2930,縝,2
2949,選出,2
2954,錢,2
2957,錯,2
2961,隨著,2
2968,頻繁,2
2969,魽,2
2970,鴔,2
2977,鴩,2
2982,龍頭,2
2985,優勢,2
2989,嚏,2
2990,壎,2
2991,壑,2
3007,檔,2
3016,獲,2
3017,獲利,2
3030,聯想,2
3031,聯繫,2
3032,聰明,2
3037,聲稱,2
3050,螻,2
3053,蟋,2
3056,謄,2
3065,購買,2
3067,避免,2
3068,避險,2
3072,顆,2
3074,鴷,2
3075,鴾,2
3080,龠,2
3089,簡單,2
3094,職務,2
3104,轉動,2
3111,雞,2
3120,額度,2
3121,顏色,2
3123,餼,2
3130,曝光,2
3135,簬,2
3153,證券,2
3156,證監,2
3166,關炕,2
3177,難,2
3180,難題,2
3182,韟,2
3183,顙,2
3185,類似,2
3196,籅,2
3197,籉,2
3200,纀,2
3208,譟,2
3210,譫,2
3212,譯者,2
3215,議題,2
3218,闡礞,2
3238,鰝,2
3240,鷅,2
3248,讀,2
3251,轡,2
3253,髐,2
3259,鰶,2
3260,鰼,2
3273,驗,2
3296,禶,2
3308,㊣,2
8,<U+3E38>,1
12,<U+3E64>,1
14,<U+3E66>,1
24,ㄕ,1
25,ㄖ,1
28,ㄚ,1
29,ㄜ,1
37,,1
39,,1
40,,1
41,,1
42,,1
44,,1
45,,1
47,,1
48,,1
49,,1
51,,1
52,,1
53,,1
55,,1
56,,1
57,,1
58,,1
59,,1
60,,1
61,,1
62,,1
63,,1
64,,1
67,い,1
70,ぉ,1
72,き,1
73,げ,1
74,こ,1
76,ざ,1
77,ず,1
78,ぞ,1
79,ョ,1
80,ヲ,1
81,ヴ,1
82,ヵ,1
83,Л,1
84,М,1
85,Ы,1
89,,1
91,,1
92,,1
93,,1
94,,1
95,七家,1
97,二位,1
98,二把手,1
100,二者,1
102,人力資源,1
105,人丑,1
106,人公隅,1
107,人反,1
108,人尹,1
109,人手,1
110,人平,1
111,人戌,1
112,人妞,1
113,人事,1
114,人員,1
115,人笑,1
116,人能,1
117,人脈網,1
120,八成,1
121,八周,1
122,力,1
123,力推,1
124,十托,1
127,三十多,1
129,三分之二,1
130,三旨,1
131,三位,1
133,三家,1
136,上丰,1
137,上升,1
138,上天,1
141,上次,1
142,上來,1
144,上面,1
146,上海市,1
147,上海市委,1
149,上週末,1
150,上隍扈,1
151,上萬,1
153,上達,1
155,上網,1
156,上調,1
160,下去,1
161,下奶,1
164,下面,1
165,下隊,1
166,下調,1
168,口袋,1
170,士,1
172,士氣,1
174,大刀闊斧,1
175,大大,1
176,大大小小,1
177,大小,1
178,大方向,1
179,大企楚,1
180,大多,1
181,大亨,1
182,大到,1
185,大致,1
188,大眾型,1
189,大規模,1
193,大隊,1
194,大意,1
195,大楚,1
196,大綁,1
199,大學,1
200,大錢,1
201,女,1
202,女友,1
203,女朋友,1
204,子,1
205,子女,1
206,子裡,1
207,小,1
208,小到,1
209,小孩,1
214,工坏,1
215,工妍,1
216,工妝,1
218,工竣,1
221,已大,1
224,不中,1
227,不太,1
228,不太惕,1
230,不止,1
231,不乏,1
232,不可,1
233,不可逆轉,1
240,不安,1
241,不利於,1
242,不足,1
243,不定,1
245,不法,1
246,不知情,1
247,不要,1
249,不高,1
250,不得不,1
251,不惜代價,1
252,不曾,1
253,不然,1
255,不僅僅,1
256,不感興趣,1
257,不椰,1
258,不楊,1
259,不極,1
260,不概,1
261,不禁,1
262,不經,1
264,不像,1
265,不管,1
266,不遠,1
267,不懈,1
268,不繞,1
269,不穩,1
272,中小型,1
273,中中,1
274,中之丑,1
275,中仁酮,1
276,中仄,1
278,中文名,1
280,中南海,1
281,中型,1
283,中美合,1
286,中擁,1
288,丰代,1
289,丰鳩畯,1
290,丰鼠,1
291,丰僚,1
292,丰鷙,1
294,之人,1
295,之力,1
299,之云,1
300,之云熙,1
301,之內,1
302,之六,1
303,之奶,1
304,之快,1
307,之虞,1
310,云膠,1
311,云蓿,1
312,云蔭灝,1
315,井袛,1
317,什,1
319,什篪,1
320,仁,1
321,仁鈰,1
328,今式,1
330,介始,1
331,介始仇,1
332,介絲,1
335,允,1
336,允野資,1
337,元,1
339,內文,1
341,內情,1
343,內華達,1
344,內樣,1
346,公主,1
349,公司法人,1
350,公司股票,1
352,公平合理,1
353,公戍,1
354,公佈,1
355,公告,1
356,公陲,1
357,公隍,1
358,公集報,1
359,公雲,1
360,公馭,1
361,公園,1
362,六名,1
363,六面,1
365,凶,1
368,分支機構,1
374,勻囓,1
375,勿,1
377,化不太,1
378,化亢,1
379,化介始,1
380,化尹,1
381,化再,1
382,化便,1
383,化計畫,1
385,反向,1
386,反映,1
387,反駁,1
389,天內,1
391,天然氣,1
393,太大,1
396,太陽能,1
398,少女,1
399,少數,1
402,尹孕,1
403,尹洛,1
404,尹陶,1
405,尹瓣,1
406,巴克萊,1
407,巴菲特,1
408,巴爾,1
414,心目,1
415,心理,1
416,手,1
417,手中,1
418,手指,1
420,手機,1
421,支付,1
428,方,1
432,欠缺,1
435,比上,1
438,比約,1
440,火車,1
444,主任,1
445,主角,1
449,主播,1
450,主導,1
451,主辦,1
453,乍看之下,1
455,付,1
456,付出,1
457,代言人,1
460,代價,1
463,充滿信心,1
464,出,1
467,出色,1
468,出行,1
471,出於,1
473,出席,1
474,出馬,1
475,出瓷,1
476,出畢,1
477,出硫,1
479,刊出,1
481,半小時,1
482,半式,1
483,半戎速,1
484,半扛瑰,1
485,占士,1
486,卡,1
488,去式,1
489,去面,1
490,古代,1
491,古老,1
493,另丰,1
494,另亢,1
498,只能,1
499,只概,1
500,只靠,1
501,叫法,1
503,可不,1
504,可行,1
505,可供,1
506,可取,1
508,台車,1
510,司法部,1
511,失去,1
512,失實,1
514,奶蓿,1
515,孕,1
517,它絕,1
518,尼,1
520,左滬滬,1
521,左漱,1
524,巨吨,1
525,巨吨井,1
526,巨妘,1
528,市政府,1
531,市場份額,1
532,市場秩序,1
534,布<U+663C>,1
535,布林,1
536,布朗利,1
537,平台,1
539,平板,1
540,平衡,1
542,弘磣,1
543,必之,1
547,扒,1
548,扒放,1
550,打工,1
551,打工者,1
552,打造,1
553,打陽,1
556,打臉,1
557,扔,1
560,未多,1
566,本企,1
567,本身,1
568,本週,1
569,本楚,1
574,正戎,1
575,正考,1
577,正惜,1
578,正統性,1
580,母公司,1
582,民,1
583,氶,1
585,犮,1
586,犰同,1
587,犰郎,1
588,犰蚋,1
589,玊,1
590,瓜,1
591,生活,1
593,生產力,1
594,生產量,1
597,用戶,1
598,用於,1
600,由佩,1
602,申報,1
603,白宮,1
607,目標價,1
609,示好,1
610,立,1
613,立刻,1
614,肊,1
618,交通工具,1
619,交通運輸,1
620,交棒給,1
621,交談,1
622,仴,1
624,价,1
630,任職,1
632,企楊,1
633,企楔,1
634,企楫熙,1
635,企榆,1
636,企毀,1
637,企毓,1
638,企溢,1
639,伄,1
643,休假,1
644,伒,1
646,伔,1
648,伬,1
650,先,1
651,先例,1
652,先前,1
653,先驅,1
654,光環,1
656,全絨,1
657,全稱,1
658,全輪,1
659,全體,1
661,再奶,1
662,再生能源,1
663,再次,1
664,再重,1
665,再順,1
666,列,1
668,吃片,1
669,各,1
671,各自,1
675,合均,1
676,合坏,1
678,合孛,1
679,合局,1
680,合法,1
682,合資,1
683,合夥人,1
684,吉寧,1
686,同內,1
689,同期,1
694,名詞,1
695,名稱,1
696,名譽,1
698,向戊,1
700,地工均,1
701,地方,1
703,地鐵,1
705,多人,1
706,多半,1
707,多戊,1
708,多次,1
709,多家,1
710,多數,1
711,多樣,1
712,多錯,1
713,她,1
716,好消息,1
718,好運氣,1
719,好覺,1
722,如何,1
724,字,1
725,字眼,1
726,字樣,1
728,守,1
730,安眠藥,1
731,尖酸刻薄,1
732,尖銳,1
735,戌嘀,1
736,戌幗,1
737,戍,1
738,戍鋮,1
741,成央,1
742,成左獄,1
746,成局,1
749,成員,1
750,成熟,1
751,托,1
753,扛滲,1
754,扛爾,1
755,扛犖,1
756,扣,1
759,收益,1
761,收骨,1
762,收鬼,1
764,收盤,1
765,收斂,1
768,早已,1
769,旬,1
770,旬鈺,1
772,旭,1
773,曲竣,1
774,曲解,1
775,朱始,1
780,此尼畯,1
781,此民,1
783,此行,1
786,此進,1
787,此項,1
789,死掉,1
790,氖,1
792,池,1
793,池袋,1
795,池釣,1
796,百托,1
798,考量,1
802,考驗,1
803,耳目,1
806,自由,1
807,自成,1
808,自所,1
809,自研,1
811,自從,1
812,自然,1
813,自然界,1
815,至今,1
817,艾,1
818,艾斯曼,1
819,艾瑞克,1
821,行私,1
822,行走,1
824,行使,1
827,行筐疇,1
828,行答熙,1
829,行絨,1
831,行溥芘,1
832,行銷,1
834,伯,1
837,位,1
838,位具,1
841,佔據,1
843,何發,1
844,克,1
845,克羅,1
847,利可圖,1
851,助,1
852,努力,1
854,即可,1
860,吹捧,1
862,告訴,1
863,囮,1
864,困擾,1
867,坅,1
869,均價,1
870,坋,1
873,坐,1
874,坐著,1
875,坐熙,1
876,夾,1
877,奀,1
879,妐,1
880,妒,1
881,妒漁,1
883,妝,1
884,妞,1
885,妞陘,1
887,妡,1
888,妤,1
890,孚,1
891,孜,1
892,孝,1
893,完,1
896,完美,1
897,完整,1
899,宏導,1
900,尨,1
901,尿,1
902,局面,1
903,岐,1
905,序幕,1
906,形式,1
907,形成,1
908,役,1
909,役則,1
910,忍不住,1
911,快速,1
912,扭轉,1
913,批文,1
917,找到,1
918,找過,1
921,抉擇,1
923,把洶,1
925,投票,1
926,投票權,1
930,投資銀行,1
931,改革,1
934,攻擊,1
936,更末,1
938,更迭,1
940,更強,1
941,更應,1
942,更謹,1
943,李強,1
944,步,1
946,每井,1
947,每戌,1
948,每戎,1
950,每位,1
953,求,1
954,決,1
955,決定,1
957,決議,1
960,汽車廠,1
961,汽車銷量,1
962,沃,1
964,沒人楔,1
971,究竟,1
974,見之明,1
975,見招拆招,1
976,見過,1
977,角色,1
978,角度,1
984,足夠,1
985,身上,1
986,身分,1
987,車,1
988,車身,1
990,車廠,1
991,車輛,1
992,辛,1
993,辰,1
994,辿,1
996,迄今,1
998,迅,1
999,迅速,1
1000,邟,1
1002,那句話,1
1003,那根,1
1004,那斯,1
1006,那樣,1
1007,釆,1
1008,里,1
1009,防止,1
1012,並云,1
1015,並更,1
1017,並往,1
1018,並非,1
1019,並輕,1
1020,並靠,1
1021,並懲,1
1023,事必,1
1025,事先,1
1026,事兒,1
1028,事楚,1
1029,事實上,1
1030,享,1
1031,佩,1
1036,使命感,1
1037,使得,1
1038,侄,1
1041,來妞馬,1
1045,來源於,1
1046,侇,1
1047,例,1
1050,侔,1
1051,供應商,1
1053,依據,1
1054,依舊,1
1055,兩,1
1057,兩方,1
1059,兩托,1
1060,兩位,1
1061,兩到,1
1062,兩者,1
1064,具,1
1065,函,1
1066,初始,1
1067,初期,1
1069,到布,1
1071,到底,1
1072,到售,1
1074,協助,1
1076,卸下,1
1078,取自,1
1079,取決於,1
1080,取悅,1
1084,受戊,1
1086,受益,1
1088,受損,1
1089,受歡迎,1
1090,周它,1
1091,周末,1
1092,周產,1
1093,周雪君,1
1094,周圍環境,1
1095,周邊,1
1096,命,1
1097,始終,1
1100,官,1
1101,官方,1
1102,官員,1
1104,定期,1
1105,屆,1
1106,岩,1
1107,岩憐野,1
1108,岩憬,1
1109,岩戮,1
1110,岩摹,1
1111,岸,1
1112,帕高,1
1114,店老闆,1
1115,店等,1
1116,府,1
1118,彼此,1
1119,往往,1
1120,往前,1
1121,忽視,1
1123,怞,1
1124,怢,1
1126,性並,1
1127,性格,1
1129,怮,1
1133,或斥,1
1135,或野,1
1136,或釵,1
1137,或陸,1
1139,所要,1
1144,抱怨,1
1145,抱持,1
1146,抵消,1
1147,抶,1
1148,拉下,1
1150,拋出,1
1151,拍到,1
1152,拑,1
1154,招聘,1
1155,攽,1
1159,放緩,1
1160,斨,1
1162,於今,1
1166,明顯改善,1
1167,易,1
1168,易見,1
1169,服,1
1171,服務公司,1
1172,東西,1
1173,松下,1
1174,板塊,1
1175,枝腹,1
1176,武士刀,1
1177,武神,1
1178,河邊,1
1179,治理,1
1183,法庭,1
1184,法飢,1
1185,法高漣,1
1186,法偌,1
1187,法規,1
1188,法遵,1
1190,炊,1
1192,炒孛,1
1193,炒私,1
1195,炙,1
1196,爬,1
1197,爭取,1
1198,爭議,1
1199,物流,1
1201,物體,1
1203,玟,1
1204,玩笑話,1
1205,疙,1
1207,盂,1
1208,直上,1
1212,直覺,1
1215,矷,1
1216,矽谷,1
1217,社,1
1218,社長,1
1220,空,1
1221,空軍,1
1222,空單,1
1224,籵,1
1226,股,1
1230,股東權益,1
1232,股票市場,1
1235,肣,1
1238,芮,1
1240,芵,1
1246,迎來,1
1248,近似,1
1249,金,1
1250,金主,1
1251,金融,1
1255,長時間,1
1257,長遠,1
1258,阿里巴巴,1
1259,阿拉伯,1
1260,青旨,1
1262,非法,1
1264,非惜,1
1265,非掙,1
1266,非探,1
1268,便隆,1
1269,便概,1
1270,保持,1
1271,保持平衡,1
1272,保障,1
1274,信,1
1278,則推文井袤,1
1279,則擁,1
1280,削減,1
1282,前行,1
1283,前提,1
1284,前進,1
1286,勁,1
1288,卻薯,1
1289,咧,1
1290,咫,1
1292,咿,1
1293,哄,1
1294,哄抬,1
1295,哈佛,1
1296,哈德,1
1298,型,1
1299,型車,1
1301,姚,1
1302,威士忌,1
1305,宣示,1
1306,宣言,1
1307,宣稱,1
1310,峎,1
1311,峓,1
1312,峔,1
1315,庛,1
1317,建,1
1319,建成投產,1
1320,建雀,1
1322,彥鈞,1
1323,待,1
1327,很快,1
1330,恢景,1
1331,拼錯,1
1334,持樂,1
1339,指尖,1
1341,指責,1
1342,指導,1
1344,挑戰,1
1346,政治,1
1348,故,1
1349,施,1
1350,施央,1
1351,施密特,1
1352,既,1
1353,昨天,1
1354,昨晚,1
1356,某,1
1357,某家,1
1358,某項,1
1359,某種,1
1360,查詢,1
1361,段時間,1
1362,毒舌,1
1363,毒藥,1
1364,洉,1
1365,洏,1
1366,洛杉磯,1
1371,洹,1
1373,活可動,1
1374,活躍,1
1375,派,1
1376,流失,1
1377,流動性,1
1378,流窗,1
1379,流傳,1
1380,炭,1
1381,炱,1
1382,炸,1
1383,牊,1
1384,牯,1
1385,狠,1
1386,狨,1
1389,皆,1
1390,皆知,1
1392,盈利性,1
1394,相似,1
1398,相當於,1
1399,相較,1
1400,相應,1
1402,相議,1
1403,盼頭,1
1405,看似,1
1407,看馬,1
1408,看馬茬,1
1409,砍繕,1
1411,研究成果,1
1412,研究所,1
1415,紀錄,1
1417,約值,1
1420,美股,1
1423,美國市場,1
1425,美國進口,1
1426,美楣,1
1427,背,1
1428,背著,1
1429,致富,1
1431,虳,1
1434,要面,1
1435,要針,1
1436,訂單,1
1437,訄,1
1441,負面,1
1442,負面影響,1
1443,負責人,1
1444,迣,1
1447,迫切,1
1449,迭,1
1450,郃,1
1452,郋,1
1454,重,1
1457,重要,1
1458,重要性,1
1460,重量,1
1461,重傷,1
1463,降,1
1466,限制,1
1468,風光,1
1470,風暴,1
1471,風險,1
1472,風頭,1
1473,風聲,1
1475,首,1
1477,首次,1
1478,首批,1
1479,首要,1
1480,修理廠,1
1481,倆並,1
1482,倍,1
1483,倒,1
1485,兼,1
1486,兼任,1
1487,冥想,1
1488,凋零,1
1489,剛,1
1490,剛出生,1
1491,剛好,1
1492,原,1
1494,原先,1
1496,原戌,1
1498,員,1
1500,員楚,1
1501,員羅根,1
1502,哪,1
1503,哪裡來,1
1505,套件,1
1506,套名,1
1508,家用,1
1509,家創,1
1510,容易,1
1512,展示,1
1513,展望,1
1514,展畦,1
1516,座,1
1517,恁,1
1518,恣,1
1519,恩怨,1
1522,悁,1
1523,悃,1
1524,悄,1
1525,悄悄,1
1527,悔,1
1528,悗,1
1530,戙,1
1533,挐,1
1535,振鼎雞,1
1536,挹,1
1537,挹爸,1
1540,捇,1
1542,捏造事實,1
1544,捘,1
1545,效,1
1546,效性,1
1549,時不晚,1
1550,時公,1
1554,時間表,1
1555,書記,1
1557,核心,1
1559,根,1
1563,格上,1
1564,格中,1
1567,殊,1
1568,氣炕,1
1569,浪,1
1570,海,1
1571,海戊,1
1574,消除,1
1575,涉,1
1576,涉足,1
1577,涉獵,1
1578,烏地,1
1581,特朗普,1
1582,特區,1
1584,特質,1
1585,狳,1
1587,猁,1
1588,珗,1
1589,瓞,1
1590,留,1
1591,留下,1
1592,留下來,1
1594,益,1
1596,真手,1
1598,真實,1
1599,砟,1
1601,祗,1
1602,神,1
1604,神經,1
1605,笆,1
1607,粉,1
1608,粉絲,1
1609,紋理,1
1610,紐,1
1614,紛紛,1
1615,紛紛擾擾,1
1616,素,1
1617,缺乏,1
1618,缺失,1
1619,耗時,1
1620,耗費,1
1627,茞,1
1629,茧,1
1630,茩,1
1633,茯,1
1634,茷,1
1636,茼玻,1
1637,茼魚,1
1641,荋,1
1642,荌,1
1644,虓,1
1648,蚍,1
1649,蚑,1
1651,蚗,1
1652,蚞,1
1656,記錄,1
1657,追溯,1
1658,退出,1
1659,配件,1
1665,除此,1
1669,馬丁,1
1670,馬克斯,1
1671,馬奎斯,1
1673,高位,1
1674,高性能,1
1679,高速,1
1680,高速公路,1
1681,高新技術,1
1682,高達,1
1683,高管,1
1684,高層,1
1686,倏芊,1
1689,偉,1
1690,偉大,1
1692,偎,1
1696,做事,1
1697,做呢,1
1699,做空者,1
1700,停止,1
1702,停嶸,1
1703,偶,1
1704,偶遇,1
1707,副,1
1708,動工,1
1710,動車,1
1711,動物,1
1712,動圖,1
1713,動態,1
1714,動態隨機,1
1716,動機,1
1718,區,1
1720,區螺,1
1722,參考,1
1723,售出,1
1724,唯,1
1725,唱空,1
1727,商務部,1
1729,商概,1
1730,啎,1
1732,啟動,1
1734,國公,1
1735,國企,1
1737,國產,1
1738,國際,1
1739,國際金融報,1
1742,執行機構,1
1743,培養,1
1744,基本,1
1746,基準,1
1748,堅持,1
1749,堆,1
1750,密特,1
1751,專,1
1752,專爬,1
1753,專門,1
1756,尉,1
1759,帶動,1
1760,張,1
1761,張佑,1
1764,強迫,1
1767,得出,1
1768,得到,1
1769,得益於,1
1771,從不,1
1772,從何,1
1773,從來未,1
1774,從華,1
1775,悸漫,1
1778,惆,1
1779,惆瓣,1
1780,惇,1
1781,惘,1
1783,惟,1
1784,戛,1
1785,捰,1
1786,捸,1
1787,掄,1
1788,排行,1
1789,排除,1
1790,掖,1
1791,掙錢,1
1792,採取,1
1793,採訪,1
1794,探索,1
1795,接任,1
1797,接近,1
1798,接班人,1
1799,接替,1
1800,接著,1
1804,推文時,1
1807,推特向,1
1808,推動,1
1809,推理,1
1811,敏感,1
1812,敏銳,1
1813,敓,1
1814,敘述,1
1815,教授,1
1816,旋轉,1
1817,晙,1
1818,晚,1
1819,晚間,1
1820,曼,1
1821,曼哈頓,1
1823,梁華,1
1824,梅,1
1827,條款,1
1828,條路,1
1829,欲,1
1830,殺手,1
1831,氪,1
1832,淨虧損,1
1833,混蛋,1
1834,牽制,1
1836,理,1
1837,理人,1
1838,理由,1
1839,理念,1
1840,理想,1
1842,理論,1
1844,產,1
1845,產生,1
1846,產咧嚓,1
1847,產姣,1
1850,產椰雩,1
1851,產歲,1
1852,產殿本,1
1853,產溺,1
1854,產滇堋,1
1855,產銷,1
1858,畢野,1
1859,略低於,1
1860,略知,1
1861,略增,1
1863,畦蘢釣,1
1864,異,1
1865,異控,1
1866,疏,1
1867,疵,1
1869,痕滿,1
1870,痕澈,1
1871,眭,1
1872,眴,1
1873,眹,1
1874,眼,1
1876,眾多,1
1877,眾所,1
1880,祭出,1
1881,移除,1
1882,窕,1
1884,第二,1
1885,第二步,1
1886,第二季度,1
1887,第三,1
1888,第三方,1
1890,第丑,1
1891,第丰<U+663C>,1
1892,第尹,1
1893,第央,1
1894,第它,1
1895,粗略,1
1896,終於,1
1899,處,1
1900,處於,1
1901,處理,1
1902,處理結果,1
1903,蛂,1
1904,蛈,1
1905,蛌,1
1906,衒,1
1909,規則,1
1912,訝異,1
1913,訣竅,1
1915,訪問期間,1
1917,貨,1
1918,責,1
1924,逕自,1
1925,逕行,1
1926,通用,1
1927,通用汽車,1
1928,通用汽車公司,1
1929,通知,1
1931,造丰,1
1932,造出來,1
1934,造型,1
1935,造楹,1
1937,連接,1
1939,部,1
1942,部署,1
1945,酗丑,1
1946,酗正,1
1948,野葚,1
1959,陶多,1
1960,陶里,1
1961,雀,1
1962,頃,1
1963,鳥,1
1964,麻煩,1
1965,備,1
1966,備妥,1
1967,剩下,1
1968,剩餘,1
1970,創紀錄,1
1971,創新,1
1973,創楣,1
1974,創榆,1
1975,創溶,1
1978,喊出,1
1979,喊喊,1
1980,喜,1
1981,喜怒,1
1983,喝,1
1984,喪失,1
1985,喬布斯,1
1986,單位,1
1987,單筆,1
1989,圍棋,1
1990,埵,1
1992,堛,1
1994,堨,1
1995,堬,1
1997,報林奕榮,1
1999,報酬,1
2001,場,1
2003,塈,1
2004,奠定,1
2005,婺,1
2009,幅,1
2013,幾種,1
2014,幾輪,1
2015,悶頭,1
2016,捶,1
2018,描述,1
2021,提交,1
2022,提告,1
2026,提高產量,1
2028,揖,1
2029,揚言,1
2031,握,1
2032,握著之,1
2033,揪,1
2034,揭隊,1
2035,揭露,1
2036,揮,1
2038,斯,1
2042,晲,1
2043,晶片,1
2044,晹,1
2045,智,1
2046,智慧,1
2048,曾宏過,1
2050,替,1
2054,最大化,1
2055,最先,1
2056,最多,1
2058,最早,1
2059,最低,1
2060,最佳,1
2061,最初,1
2064,最高級別,1
2068,期盼,1
2070,期間,1
2071,棓,1
2072,棜,1
2073,棱,1
2075,椇,1
2076,款,1
2077,測,1
2078,測試階段,1
2079,無,1
2081,無限,1
2082,無情,1
2083,無疑,1
2084,無敵,1
2085,無數種,1
2087,無論如何,1
2088,無興趣,1
2089,焦點,1
2091,然候,1
2093,琝,1
2094,琤,1
2095,琲,1
2096,番話,1
2097,畫,1
2098,痚,1
2099,痧,1
2102,發出,1
2106,發言,1
2108,發函,1
2109,發帖,1
2111,發射,1
2114,發送給,1
2115,發推文,1
2116,發推特,1
2117,發略,1
2118,發盔,1
2119,發電,1
2120,短期內,1
2121,短暫,1
2124,稍早,1
2125,稍晚,1
2126,稍微,1
2127,窗,1
2129,竣云滬,1
2132,等弁,1
2133,等戊,1
2134,等待,1
2135,等級,1
2137,筐,1
2139,答岩貌,1
2140,答讀,1
2143,粟,1
2144,結,1
2145,結合,1
2148,結算,1
2149,結論,1
2150,絕,1
2151,絕大部分,1
2152,絞,1
2154,給出,1
2155,給推特上,1
2156,翔,1
2157,翕,1
2159,菪,1
2161,華建雪,1
2162,華盛頓,1
2165,菸草,1
2167,萊,1
2170,著之,1
2171,著名,1
2172,著非扈,1
2173,著相,1
2174,著稱,1
2175,虛假,1
2178,蛝,1
2179,蛪,1
2180,裁定,1
2182,訴部,1
2183,訴鳥,1
2184,詐欺,1
2185,詐欺罪,1
2187,買,1
2188,買下,1
2189,買家,1
2190,買單,1
2191,買瞻膝,1
2192,貸款,1
2193,費用,1
2194,費城,1
2195,貼近,1
2197,貿易戰,1
2204,週孕,1
2205,週它,1
2206,週產,1
2207,進,1
2209,進口,1
2210,進口車,1
2213,進度,1
2214,進軍,1
2215,進展,1
2216,進場,1
2217,進竣,1
2218,進著,1
2220,量,1
2221,量化,1
2223,陲,1
2226,隆<U+663C>,1
2228,隊什,1
2230,階,1
2232,雂,1
2234,雄心,1
2237,雇,1
2238,雯,1
2239,雱,1
2241,靬,1
2245,項潛,1
2246,順利,1
2247,順序,1
2248,須中,1
2249,飧,1
2250,飫,1
2251,飲票,1
2252,飲票眶,1
2253,黃,1
2254,黹,1
2255,亃,1
2256,催毀,1
2257,傳出,1
2258,傳言,1
2259,傳票,1
2264,傻傻,1
2265,傽,1
2266,傾向,1
2268,僅妞鬼,1
2269,僅限於,1
2270,僅需,1
2271,凗,1
2273,圓,1
2274,塑造出,1
2276,想到,1
2279,想想,1
2281,意它,1
2282,意巨,1
2283,意弗,1
2284,意志,1
2285,意私,1
2286,意味著,1
2287,意思,1
2288,意想不到,1
2289,意義,1
2292,意贍,1
2293,意屬,1
2295,感受,1
2296,感覺,1
2297,慈善機構,1
2299,損失慘重,1
2303,搳,1
2304,搹,1
2306,新丰,1
2307,新出路,1
2308,新巧,1
2309,新海,1
2315,新興,1
2316,暋,1
2317,暐,1
2318,暗示,1
2321,椰重,1
2322,椰釣,1
2326,楔中,1
2327,楔元,1
2328,楔斯,1
2330,楔騄,1
2334,楞,1
2339,極入,1
2340,極客,1
2341,極痕漣,1
2343,楹情,1
2346,概陽隊,1
2347,榆囓,1
2350,毀,1
2351,毽,1
2352,源,1
2353,源自,1
2354,源於,1
2356,溝通,1
2359,溥,1
2360,溫,1
2361,溯,1
2362,溺,1
2363,溺陵,1
2364,溺陵觸,1
2366,滑落,1
2368,照,1
2369,牏,1
2370,犎,1
2371,犑,1
2372,獉,1
2373,瑄,1
2376,瑐,1
2377,瑑,1
2378,瑕疵,1
2379,瑟,1
2382,當中,1
2383,當天,1
2384,當局,1
2385,當季,1
2388,當選,1
2389,禁止,1
2390,綁,1
2391,綁定,1
2393,經典,1
2394,經信委,1
2395,經捧,1
2396,經掬黹,1
2397,經理,1
2399,經野,1
2401,經濟,1
2404,置信,1
2405,群,1
2406,聘用,1
2407,腄,1
2409,艇,1
2412,萬人,1
2413,萬人之上,1
2415,萬台,1
2416,萬至,1
2417,萬幸,1
2422,落,1
2424,落戶,1
2425,落地,1
2426,葃,1
2427,葛,1
2431,葽,1
2432,蒆,1
2433,蒏,1
2434,虞議,1
2435,蜇,1
2436,補救,1
2437,裝置,1
2439,裡再,1
2440,裡得,1
2443,解決方案,1
2444,解並,1
2445,解析,1
2446,解前,1
2448,解讀,1
2449,試試,1
2453,詳細,1
2454,誇大,1
2455,誠,1
2458,資本家,1
2462,資格,1
2464,資略,1
2465,資質,1
2467,賈伯斯去,1
2468,賈伯斯坐,1
2469,賈伯斯並,1
2471,路透社,1
2472,路線,1
2474,跳躍,1
2475,載人,1
2476,逼,1
2477,逼得,1
2478,遄,1
2482,運均,1
2483,運壯,1
2484,運算,1
2485,運營,1
2487,過丰,1
2488,過亢,1
2490,過於,1
2492,過等,1
2493,過筍,1
2494,過答,1
2495,達,1
2497,達成協議,1
2498,達克,1
2500,達到目標,1
2501,達諾,1
2502,違反,1
2504,鄍,1
2505,鄏,1
2507,鄔,1
2508,鈰,1
2509,鈶,1
2511,鉣,1
2512,零備件,1
2515,電動,1
2518,電量,1
2520,電競,1
2521,預估,1
2525,預想,1
2529,麂,1
2530,鼓勵,1
2532,僖,1
2533,僭,1
2534,僱傭,1
2535,劃並,1
2537,圖表,1
2539,塵埃落定,1
2540,察,1
2543,實力,1
2544,實企,1
2545,實施,1
2546,實略,1
2547,實畦,1
2548,實眾,1
2549,實移,1
2550,實測,1
2551,實實,1
2554,實體,1
2555,寧,1
2556,寧可,1
2557,寧楹情,1
2558,寧覺,1
2559,嵹,1
2561,嶀,1
2562,嶁,1
2563,嶆,1
2564,嶉,1
2565,態度,1
2566,截然不同,1
2567,摧毀,1
2568,敲定,1
2570,構成,1
2571,槓上,1
2575,滮,1
2576,滲,1
2577,滶,1
2580,漁,1
2581,演算法,1
2582,漕,1
2583,漣,1
2586,漯悒,1
2588,漱家,1
2589,漱隆,1
2590,漲身,1
2591,漲近,1
2592,漲幅,1
2594,漸資,1
2595,潃,1
2596,澈,1
2598,熄,1
2599,熅,1
2600,熒,1
2601,熒面,1
2605,犖,1
2606,獄,1
2607,獐,1
2608,瑤,1
2609,瑭,1
2612,疑惑,1
2613,瘋傳,1
2614,盡快,1
2616,睡,1
2617,禍從口出,1
2618,福,1
2619,福特,1
2620,福斯,1
2622,種尼,1
2623,種企楔,1
2624,種成,1
2625,種行,1
2626,種玟,1
2627,種筍,1
2628,種超,1
2629,種類,1
2631,稱呼,1
2632,稱得上,1
2634,管,1
2638,精力,1
2639,精疲力竭,1
2640,維持,1
2641,維修,1
2642,網,1
2643,網友,1
2644,網站,1
2645,網絡,1
2648,網點,1
2650,耤,1
2651,聚集,1
2652,膃,1
2655,蓂,1
2656,製,1
2659,誑,1
2660,誘,1
2661,豪華車,1
2662,豪華轎車,1
2664,貍,1
2666,賑陘,1
2667,賑陘熙,1
2669,賑乾,1
2670,趕,1
2671,趕工,1
2673,輕,1
2674,輕鬆,1
2676,遞交,1
2677,遠,1
2678,鈭,1
2679,鉹,1
2680,鉿,1
2681,銀,1
2682,銀介始,1
2683,銀行,1
2687,銧,1
2688,障礙,1
2691,需過,1
2692,領車,1
2693,領悟,1
2694,領悟出,1
2696,領袖,1
2701,領導層,1
2703,麼做,1
2706,價格低,1
2707,儀式,1
2709,億元,1
2710,億台幣,1
2711,億至,1
2713,億美金,1
2714,劉祥航,1
2715,嘲弄,1
2717,增,1
2718,增央,1
2719,增左漲,1
2720,增巧,1
2721,增必,1
2723,審查,1
2725,寫道,1
2726,廣大,1
2727,廣告,1
2731,徵兆,1
2735,憚,1
2736,憛,1
2739,摩,1
2740,摩根,1
2741,摩擦力,1
2742,摮,1
2743,摹,1
2744,撕,1
2745,撣,1
2746,撩,1
2747,撮,1
2748,撰文,1
2749,撲,1
2750,數,1
2751,數十億,1
2752,數字,1
2753,數百億,1
2754,數週,1
2756,暫時,1
2757,暴飪,1
2758,樂,1
2759,標,1
2760,標題,1
2762,模仿,1
2767,樣介,1
2768,樣尹,1
2769,樣具,1
2770,樣做,1
2771,樣嗎,1
2772,歐洲,1
2773,歐洲地區,1
2776,澄清,1
2777,熟知,1
2778,熱門,1
2779,熱愛,1
2780,獢,1
2782,璁,1
2783,璆,1
2784,璈,1
2785,甈,1
2786,瘙憚,1
2787,皜,1
2789,瞉,1
2793,確趕,1
2794,磏,1
2795,範圍,1
2797,編譯,1
2799,練習,1
2800,練過,1
2801,翩,1
2803,蓬勃發展,1
2804,蓿,1
2805,蔑答讀,1
2806,蔡,1
2808,蔬郎,1
2809,蔽,1
2813,衛星,1
2814,衝刺,1
2815,衝突,1
2816,衝浪,1
2819,調,1
2821,調降,1
2822,調價,1
2824,談,1
2825,談判,1
2826,談到,1
2828,請辭,1
2829,諸多,1
2830,賠,1
2831,賠償,1
2833,賣出,1
2835,質,1
2837,趟,1
2839,輛車,1
2840,輝煌,1
2844,適當,1
2845,適應,1
2846,遭受,1
2848,銷售價格,1
2850,隤,1
2852,靠,1
2853,鞋子,1
2854,頦,1
2855,頩,1
2856,餕,1
2857,駕,1
2859,駛,1
2862,齒,1
2863,儐漪,1
2865,噢,1
2866,噯,1
2867,噸,1
2869,學員,1
2871,導致,1
2872,戰性,1
2873,戰略性,1
2874,擁,1
2875,擁聾,1
2876,擅長,1
2878,操坐,1
2879,操縱,1
2881,擖,1
2883,據公,1
2884,攳,1
2885,整,1
2887,整合,1
2888,整車,1
2889,整間,1
2891,樴,1
2892,樹立,1
2895,機率,1
2896,機楚,1
2899,歷,1
2900,歷史,1
2901,激怒,1
2902,激烈,1
2904,燃陘,1
2905,燈光,1
2906,燒錢,1
2907,獨,1
2909,獨立性,1
2910,獨自,1
2913,磛,1
2914,磟,1
2917,磣,1
2922,積累,1
2925,窷,1
2926,窸,1
2928,篘,1
2929,篜,1
2931,興,1
2932,興雪給,1
2934,蕭,1
2936,親,1
2937,親手,1
2938,親自,1
2939,諟,1
2940,諢,1
2941,諤,1
2942,諮詢,1
2943,諵,1
2944,諾姆,1
2946,賴利,1
2947,辦公室,1
2948,辦法,1
2951,遺憾,1
2952,鋼彈,1
2953,錄影,1
2955,錢嗎,1
2956,錢楊,1
2958,隧道,1
2962,隨機化,1
2963,隨機應變,1
2964,險,1
2965,靜分,1
2966,頭上,1
2967,頭號,1
2973,鴝,1
2975,鴟閬,1
2976,鴠,1
2978,麆,1
2979,麭,1
2980,麮,1
2981,鼒,1
2983,償,1
2984,優化,1
2986,儲存,1
2988,嚄,1
2993,嬰,1
2994,嬰漣,1
2995,孺,1
2997,幫到,1
2999,應,1
3000,應井,1
3003,懦,1
3004,戲,1
3005,擊敗,1
3006,擭,1
3008,濕掉,1
3009,濫用,1
3011,營者,1
3012,營商,1
3013,營造,1
3014,營銷,1
3015,牆,1
3021,矰,1
3023,磼,1
3024,禫,1
3025,穔,1
3026,績效,1
3027,翵,1
3029,聯邦,1
3033,聰明能幹,1
3034,聲,1
3035,聲名狼藉,1
3038,膽色,1
3039,薇,1
3040,薇狳,1
3041,薊熄,1
3043,薔,1
3045,薯竟,1
3046,虧,1
3049,螺,1
3051,蟆,1
3054,蟑,1
3055,襄,1
3057,謇,1
3058,謙,1
3059,謝,1
3060,謝爾,1
3061,谿,1
3062,豏,1
3063,賺錢,1
3064,購入,1
3069,隱,1
3070,隱患,1
3073,鮮血,1
3076,鵀,1
3078,點燃,1
3079,齔,1
3081,嚝,1
3082,嬼,1
3085,擴散,1
3086,礎,1
3087,穠,1
3088,簡,1
3090,糧麂,1
3091,翻,1
3092,翻轉,1
3095,職責,1
3096,職溢,1
3097,職滇,1
3098,職權,1
3099,藉,1
3100,藍圖,1
3101,藏釵,1
3102,蟤,1
3103,覆者,1
3105,轉移,1
3107,雙重,1
3108,雜,1
3109,雜亂無章,1
3110,雜誌,1
3112,雞蛋,1
3113,離,1
3114,離陲,1
3115,離隊,1
3116,離傭,1
3118,韖,1
3119,韙,1
3122,顒,1
3124,騆,1
3125,騋,1
3126,騎到,1
3127,髀,1
3128,鬆口氣,1
3129,懲,1
3131,癡,1
3132,礞,1
3133,穨,1
3134,穩,1
3137,簽約,1
3138,簽訂,1
3139,簽署,1
3140,繳納,1
3141,繶,1
3142,繸,1
3143,羅,1
3144,羆,1
3145,羹,1
3147,臕,1
3148,舋,1
3149,證,1
3150,證交,1
3151,證交極,1
3152,證交楹,1
3154,證券市場,1
3157,識見,1
3158,譜,1
3160,辭任,1
3161,邊走邊看,1
3162,邊緣,1
3163,關,1
3164,關於,1
3165,關炊,1
3169,關竣,1
3170,關等,1
3171,關筍,1
3172,關答,1
3173,關紫率,1
3174,關絨,1
3175,關絮,1
3178,難免,1
3181,韝,1
3184,類,1
3186,馧,1
3187,騛,1
3188,騧,1
3189,鬋,1
3190,嚴格,1
3191,懸崖,1
3192,禲,1
3193,穭,1
3194,競爭,1
3195,競爭者,1
3198,籌組,1
3199,糮,1
3201,纂,1
3202,藿,1
3204,蘋果公司,1
3205,蘢,1
3207,觸法,1
3209,警告,1
3214,議論紛紛,1
3216,釋出,1
3219,闡繯,1
3222,屬,1
3223,屬意,1
3224,屬實,1
3225,殲滅,1
3226,續,1
3227,續挫,1
3228,辯稱,1
3229,鐵金剛,1
3230,鐸,1
3231,露,1
3232,露出,1
3233,響,1
3235,飆升,1
3236,驅動,1
3237,鰜,1
3239,鰫,1
3241,權力,1
3243,權益,1
3244,歡迎,1
3246,聽泵言,1
3247,臟,1
3249,讀者,1
3250,贖,1
3254,鬙,1
3256,鬻,1
3257,魖,1
3258,鰴,1
3261,鰽,1
3262,鰿,1
3263,鱁,1
3264,鷑,1
3265,鷚,1
3266,鷩,1
3267,變化,1
3268,變動,1
3269,變數,1
3270,顯,1
3274,驗非惘,1
3275,驚人,1
3276,驚嘆,1
3278,體瓷,1
3279,體量,1
3280,體愛范兒,1
3281,體驗,1
3284,囓,1
3285,囓<U+663C>,1
3286,孎,1
3287,屭,1
3288,曭,1
3289,欓,1
3290,灟,1
3291,灠,1
3292,灡,1
3293,瓛,1
3294,瓥,1
3297,纗,1
3298,蠷,1
3299,靈感,1
3300,矚目,1
3301,讚,1
3302,讚賞,1
3303,龤,1
3304,糷,1
3305,蠾,1
3306,钁,1
3307,驩,1
